Name,Carry,BaseWinrate,AverageGoldDelta,AverageWinrate,GameCount
TahmKench,0.031292079721176286,0.52117743283362439,-3.7720057720057718,0.51999709378036096,693
